config,pcps,blink,perf,tct_cycle,nC,nP,nM,tct_CPM,mem_load,training,TLX_raw,cluster_2,cluster_3,cluster_4,hist_4
PR,0.141075466,6,13,4.129,2,1,5,4.2,0,12,12.16666667,2,1,1,1
DC,0.2897453,1,10,6.247,8,2,7,6.4,1.7,3,82.83333333,1,2,2,4
CC,0.07983589,5,6,2.867,2,1,5,4.2,0,11,82.83333333,1,2,2,4
